Workbook

Sheet Candidates
A1: Managing Committee — Dummy Candidates
A2: Post: Managing Committee · 10 seats · each voter picks up to 10 (teams can be mixed). Dummy data for practice.
A4: Team | B4: Colour | C4: Symbol | D4: No. | E4: Candidate Name | F4: Flat | G4: Block
A5: Team Green | B5: Green | C5: 🍃 | D5: 1 | E5: Ramesh Sharma | F5: A-101 | G5: =LEFT(F5,FIND("-",F5)-1) -> A
A6: Team Green | B6: Green | C6: 🍃 | D6: 2 | E6: Sunita Verma | F6: B-204 | G6: =LEFT(F6,FIND("-",F6)-1) -> B
A7: Team Green | B7: Green | C7: 🍃 | D7: 3 | E7: Anil Kapoor | F7: C-302 | G7: =LEFT(F7,FIND("-",F7)-1) -> C
A8: Team Green | B8: Green | C8: 🍃 | D8: 4 | E8: Priya Nair | F8: A-305 | G8: =LEFT(F8,FIND("-",F8)-1) -> A
A9: Team Green | B9: Green | C9: 🍃 | D9: 5 | E9: Vikram Singh | F9: D-102 | G9: =LEFT(F9,FIND("-",F9)-1) -> D
A10: Team Green | B10: Green | C10: 🍃 | D10: 6 | E10: Meena Joshi | F10: B-110 | G10: =LEFT(F10,FIND("-",F10)-1) -> B
A11: Team Green | B11: Green | C11: 🍃 | D11: 7 | E11: Rajiv Mehta | F11: C-208 | G11: =LEFT(F11,FIND("-",F11)-1) -> C
A12: Team Green | B12: Green | C12: 🍃 | D12: 8 | E12: Kavita Rao | F12: A-202 | G12: =LEFT(F12,FIND("-",F12)-1) -> A
A13: Team Green | B13: Green | C13: 🍃 | D13: 9 | E13: Deepak Gupta | F13: B-301 | G13: =LEFT(F13,FIND("-",F13)-1) -> B
A14: Team Green | B14: Green | C14: 🍃 | D14: 10 | E14: Farhan Ali | F14: C-104 | G14: =LEFT(F14,FIND("-",F14)-1) -> C
A15: Team Yellow | B15: Yellow | C15: 🌻 | D15: 1 | E15: Lakshmi Iyer | F15: D-210 | G15: =LEFT(F15,FIND("-",F15)-1) -> D
A16: Team Yellow | B16: Yellow | C16: 🌻 | D16: 2 | E16: Harpreet Kaur | F16: A-410 | G16: =LEFT(F16,FIND("-",F16)-1) -> A
... A34: Team Orange | B34: Orange | C34: 🍊 | D34: 10 | E34: Swati Kulkarni | F34: C-318 | G34: =LEFT(F34,FIND("-",F34)-1) -> C
E36: Total candidates | F36: =COUNTA(E5:E34) -> 30

Sheet Teams
A1: Teams Summary
A2: Counts are formulas that read the Candidates sheet.
A4: Team | B4: Colour | C4: Symbol | D4: Candidates | E4: From Block A | F4: From Block B | G4: From Block C | H4: From Block D
A5: Team Green | B5: Green | C5: 🍃 | D5: =COUNTIF(Candidates!$A$5:$A$34,A5) -> 10 | E5: =COUNTIFS(Candidates!$A$5:$A$34,$A5,Candidates!$G$5:$G$34,"A") -> 3 | F5: =COUNTIFS(Candidates!$A$5:$A$34,$A5,Candidates!$G$5:$G$34,"B") -> 3 | G5: =COUNTIFS(Candidates!$A$5:$A$34,$A5,Candidates!$G$5:$G$34,"C") -> 3 | H5: =COUNTIFS(Candidates!$A$5:$A$34,$A5,Candidates!$G$5:$G$34,"D") -> 1
A6: Team Yellow | B6: Yellow | C6: 🌻 | D6: =COUNTIF(Candidates!$A$5:$A$34,A6) -> 10 | E6: =COUNTIFS(Candidates!$A$5:$A$34,$A6,Candidates!$G$5:$G$34,"A") -> 3 | F6: =COUNTIFS(Candidates!$A$5:$A$34,$A6,Candidates!$G$5:$G$34,"B") -> 2 | G6: =COUNTIFS(Candidates!$A$5:$A$34,$A6,Candidates!$G$5:$G$34,"C") -> 2 | H6: =COUNTIFS(Candidates!$A$5:$A$34,$A6,Candidates!$G$5:$G$34,"D") -> 3
A7: Team Orange | B7: Orange | C7: 🍊 | D7: =COUNTIF(Candidates!$A$5:$A$34,A7) -> 10 | E7: =COUNTIFS(Candidates!$A$5:$A$34,$A7,Candidates!$G$5:$G$34,"A") -> 2 | F7: =COUNTIFS(Candidates!$A$5:$A$34,$A7,Candidates!$G$5:$G$34,"B") -> 3 | G7: =COUNTIFS(Candidates!$A$5:$A$34,$A7,Candidates!$G$5:$G$34,"C") -> 3 | H7: =COUNTIFS(Candidates!$A$5:$A$34,$A7,Candidates!$G$5:$G$34,"D") -> 2
A8: Total | D8: =SUM(D5:D7) -> 30 | E8: =SUM(E5:E7) -> 8 | F8: =SUM(F5:F7) -> 8 | G8: =SUM(G5:G7) -> 8 | H8: =SUM(H5:H7) -> 6

Sheet Block Weights
A1: Vote Weight by Block
A2: Blue cells with yellow fill are inputs — change them to match your society. Voter weights update automatically.
A4: Block | B4: Area (sq ft) | C4: Vote Weight | D4: Flats (voters) | E4: Total Vote Value
A5: A | B5: 1500 | C5: 1.25 | D5: =COUNTIF(Voters!$D$5:$D$44,A5) -> 10 | E5: =C5*D5 -> 12.5
A6: B | B6: 1200 | C6: 1 | D6: =COUNTIF(Voters!$D$5:$D$44,A6) -> 10 | E6: =C6*D6 -> 10
A7: C | B7: 1800 | C7: 1.5 | D7: =COUNTIF(Voters!$D$5:$D$44,A7) -> 10 | E7: =C7*D7 -> 15
A8: D | B8: 2100 | C8: 1.75 | D8: =COUNTIF(Voters!$D$5:$D$44,A8) -> 10 | E8: =C8*D8 -> 17.5
A9: Total | D9: =SUM(D5:D8) -> 40 | E9: =SUM(E5:E8) -> 55
A11: Other flats (no matching block) weight: | D11: 1
A13: How results are counted: a candidate's score = sum of the vote weights of every voter who chose them. Top 10 scores are elected.

Sheet Voters
A1: Dummy Voters (40)
A2: Vote Weight is looked up from the Block Weights sheet. Voter IDs match the app (V0001–V0040).
A4: Voter ID | B4: Name | C4: Flat | D4: Block | E4: Vote Weight | F4: Photo ID Type
A5: V0001 | B5: Asha Kulkarni | C5: A-101 | D5: =LEFT(C5,FIND("-",C5)-1) -> A | E5: =IFERROR(INDEX('Block Weights'!$C$5:$C$8,MATCH(D5,'Block Weights'!$A$5:$A$8,0)),'Block Weights'!$D$11) -> 1.25 | F5: Society ID Card
A6: V0002 | B6: Mohan Das | C6: A-102 | D6: =LEFT(C6,FIND("-",C6)-1) -> A | E6: =IFERROR(INDEX('Block Weights'!$C$5:$C$8,MATCH(D6,'Block Weights'!$A$5:$A$8,0)),'Block Weights'!$D$11) -> 1.25 | F6: Society ID Card
A7: V0003 | B7: Geeta Bhatia | C7: A-201 | D7: =LEFT(C7,FIND("-",C7)-1) -> A | E7: =IFERROR(INDEX('Block Weights'!$C$5:$C$8,MATCH(D7,'Block Weights'!$A$5:$A$8,0)),'Block Weights'!$D$11) -> 1.25 | F7: Society ID Card
A8: V0004 | B8: Kunal Shah | C8: A-204 | D8: =LEFT(C8,FIND("-",C8)-1) -> A | E8: =IFERROR(INDEX('Block Weights'!$C$5:$C$8,MATCH(D8,'Block Weights'!$A$5:$A$8,0)),'Block Weights'!$D$11) -> 1.25 | F8: Society ID Card
A9: V0005 | B9: Ramesh Sharma | C9: A-301 | D9: =LEFT(C9,FIND("-",C9)-1) -> A | E9: =IFERROR(INDEX('Block Weights'!$C$5:$C$8,MATCH(D9,'Block Weights'!$A$5:$A$8,0)),'Block Weights'!$D$11) -> 1.25 | F9: Society ID Card
A10: V0006 | B10: Pallavi Joshi | C10: A-312 | D10: =LEFT(C10,FIND("-",C10)-1) -> A | E10: =IFERROR(INDEX('Block Weights'!$C$5:$C$8,MATCH(D10,'Block Weights'!$A$5:$A$8,0)),'Block Weights'!$D$11) -> 1.25 | F10: Society ID Card
A11: V0007 | B11: Nisha Rawat | C11: A-404 | D11: =LEFT(C11,FIND("-",C11)-1) -> A | E11: =IFERROR(INDEX('Block Weights'!$C$5:$C$8,MATCH(D11,'Block Weights'!$A$5:$A$8,0)),'Block Weights'!$D$11) -> 1.25 | F11: Society ID Card
A12: V0008 | B12: Harpreet Kaur | C12: A-410 | D12: =LEFT(C12,FIND("-",C12)-1) -> A | E12: =IFERROR(INDEX('Block Weights'!$C$5:$C$8,MATCH(D12,'Block Weights'!$A$5:$A$8,0)),'Block Weights'!$D$11) -> 1.25 | F12: Society ID Card
A13: V0009 | B13: Rahul Mishra | C13: A-502 | D13: =LEFT(C13,FIND("-",C13)-1) -> A | E13: =IFERROR(INDEX('Block Weights'!$C$5:$C$8,MATCH(D13,'Block Weights'!$A$5:$A$8,0)),'Block Weights'!$D$11) -> 1.25 | F13: Society ID Card
A14: V0010 | B14: Seema Kohli | C14: A-506 | D14: =LEFT(C14,FIND("-",C14)-1) -> A | E14: =IFERROR(INDEX('Block Weights'!$C$5:$C$8,MATCH(D14,'Block Weights'!$A$5:$A$8,0)),'Block Weights'!$D$11) -> 1.25 | F14: Society ID Card
A15: V0011 | B15: Sanjay Malhotra | C15: B-101 | D15: =LEFT(C15,FIND("-",C15)-1) -> B | E15: =IFERROR(INDEX('Block Weights'!$C$5:$C$8,MATCH(D15,'Block Weights'!$A$5:$A$8,0)),'Block Weights'!$D$11) -> 1 | F15: Society ID Card
A16: V0012 | B16: Nirmala Devi | C16: B-102 | D16: =LEFT(C16,FIND("-",C16)-1) -> B | E16: =IFERROR(INDEX('Block Weights'!$C$5:$C$8,MATCH(D16,'Block Weights'!$A$5:$A$8,0)),'Block Weights'!$D$11) -> 1 | F16: Society ID Card
... A44: V0040 | B44: Bhavna Chopra | C44: D-406 | D44: =LEFT(C44,FIND("-",C44)-1) -> D | E44: =IFERROR(INDEX('Block Weights'!$C$5:$C$8,MATCH(D44,'Block Weights'!$A$5:$A$8,0)),'Block Weights'!$D$11) -> 1.75 | F44: Society ID Card
B46: Total voters | C46: =COUNTA(B5:B44) -> 40
B47: Total vote value | E47: =SUM(E5:E44) -> 55
